Depth,Vp_blk,Vs_blk,Rho_blk,Vsh_blk
1650.13,3.299,1.846,2.421,0.582
1650.28,3.299,1.846,2.421,0.582
1650.43,3.299,1.846,2.421,0.582
1650.59,3.299,1.846,2.421,0.582
1650.74,3.299,1.846,2.421,0.582
1650.89,3.299,1.846,2.421,0.582
1651.04,3.299,1.846,2.421,0.582
1651.2,3.299,1.846,2.421,0.582
1651.35,3.299,1.846,2.421,0.582
1651.5,3.299,1.846,2.421,0.582
1651.65,3.299,1.846,2.421,0.582
1651.81,3.299,1.846,2.421,0.582
1651.96,3.299,1.846,2.421,0.582
1652.11,3.299,1.846,2.421,0.582
1652.26,3.299,1.846,2.421,0.582
1652.42,3.299,1.846,2.421,0.582
1652.57,3.299,1.846,2.421,0.582
1652.72,3.299,1.846,2.421,0.582
1652.87,3.299,1.846,2.421,0.582
1653.02,3.299,1.846,2.421,0.582
1653.18,3.299,1.846,2.421,0.582
1653.33,3.299,1.846,2.421,0.582
1653.48,3.299,1.846,2.421,0.582
1653.63,3.299,1.846,2.421,0.582
1653.79,3.299,1.846,2.421,0.582
1653.94,3.299,1.846,2.421,0.582
1654.09,3.299,1.846,2.421,0.582
1654.24,3.299,1.846,2.421,0.582
1654.4,3.299,1.846,2.421,0.582
1654.55,3.299,1.846,2.421,0.582
1654.7,3.299,1.846,2.421,0.582
1654.85,3.299,1.846,2.421,0.582
1655.01,3.299,1.846,2.421,0.582
1655.16,3.299,1.846,2.421,0.582
1655.31,3.299,1.846,2.421,0.582
1655.46,3.299,1.846,2.421,0.582
1655.62,3.299,1.846,2.421,0.582
1655.77,3.299,1.846,2.421,0.582
1655.92,3.299,1.846,2.421,0.582
1656.07,3.299,1.846,2.421,0.582
1656.23,3.299,1.846,2.421,0.582
1656.38,3.299,1.846,2.421,0.582
1656.53,3.299,1.846,2.421,0.582
1656.68,3.299,1.846,2.421,0.582
1656.83,3.299,1.846,2.421,0.582
1656.99,3.299,1.846,2.421,0.582
1657.14,3.299,1.846,2.421,0.582
1657.29,3.299,1.846,2.421,0.582
1657.44,3.299,1.846,2.421,0.582
1657.6,3.299,1.846,2.421,0.582
1657.75,3.299,1.846,2.421,0.582
1657.9,3.299,1.846,2.421,0.582
1658.05,3.299,1.846,2.421,0.582
1658.21,3.299,1.846,2.421,0.582
1658.36,3.299,1.846,2.421,0.582
1658.51,3.299,1.846,2.421,0.582
1658.66,3.299,1.846,2.421,0.582
1658.82,3.299,1.846,2.421,0.582
1658.97,3.299,1.846,2.421,0.582
1659.12,3.299,1.846,2.421,0.582
1659.27,3.299,1.846,2.421,0.582
1659.43,3.299,1.846,2.421,0.582
1659.58,3.299,1.846,2.421,0.582
1659.73,3.299,1.846,2.421,0.582
1659.88,3.299,1.846,2.421,0.582
1660.04,3.299,1.846,2.421,0.582
1660.19,3.299,1.846,2.421,0.582
1660.34,3.299,1.846,2.421,0.582
1660.49,3.299,1.846,2.421,0.582
1660.64,3.299,1.846,2.421,0.582
1660.8,3.299,1.846,2.421,0.582
1660.95,3.299,1.846,2.421,0.582
1661.1,3.299,1.846,2.421,0.582
1661.25,3.299,1.846,2.421,0.582
1661.41,3.299,1.846,2.421,0.582
1661.56,3.299,1.846,2.421,0.582
1661.71,3.299,1.846,2.421,0.582
1661.86,3.299,1.846,2.421,0.582
1662.02,3.299,1.846,2.421,0.582
1662.17,3.299,1.846,2.421,0.582
1662.32,3.299,1.846,2.421,0.582
1662.47,3.299,1.846,2.421,0.582
1662.63,3.299,1.846,2.421,0.582
1662.78,3.299,1.846,2.421,0.582
1662.93,3.299,1.846,2.421,0.582
1663.08,3.299,1.846,2.421,0.582
1663.24,3.299,1.846,2.421,0.582
1663.39,3.299,1.846,2.421,0.582
1663.54,3.299,1.846,2.421,0.582
1663.69,3.299,1.846,2.421,0.582
1663.85,3.299,1.846,2.421,0.582
1664.0,3.299,1.846,2.421,0.582
1664.15,3.299,1.846,2.421,0.582
1664.3,3.299,1.846,2.421,0.582
1664.45,3.299,1.846,2.421,0.582
1664.61,3.299,1.846,2.421,0.582
1664.76,3.299,1.846,2.421,0.582
1664.91,3.299,1.846,2.421,0.582
1665.06,3.299,1.846,2.421,0.582
1665.22,3.299,1.846,2.421,0.582
1665.37,3.299,1.846,2.421,0.582
1665.52,3.299,1.846,2.421,0.582
1665.67,3.299,1.846,2.421,0.582
1665.83,3.299,1.846,2.421,0.582
1665.98,3.299,1.846,2.421,0.582
1666.13,3.299,1.846,2.421,0.582
1666.28,3.299,1.846,2.421,0.582
1666.44,3.299,1.846,2.421,0.582
1666.59,3.299,1.846,2.421,0.582
1666.74,3.299,1.846,2.421,0.582
1666.89,3.299,1.846,2.421,0.582
1667.05,3.299,1.846,2.421,0.582
1667.2,3.299,1.846,2.421,0.582
1667.35,3.299,1.846,2.421,0.582
1667.5,3.299,1.846,2.421,0.582
1667.66,3.299,1.846,2.421,0.582
1667.81,3.299,1.846,2.421,0.582
1667.96,3.299,1.846,2.421,0.582
1668.11,3.299,1.846,2.421,0.582
1668.26,3.299,1.846,2.421,0.582
1668.42,3.299,1.846,2.421,0.582
1668.57,3.299,1.846,2.421,0.582
1668.72,3.299,1.846,2.421,0.582
1668.87,3.299,1.846,2.421,0.582
1669.03,3.299,1.846,2.421,0.582
1669.18,3.299,1.846,2.421,0.582
1669.33,3.299,1.846,2.421,0.582
1669.48,3.299,1.846,2.421,0.582
1669.64,3.299,1.846,2.421,0.582
1669.79,3.299,1.846,2.421,0.582
1669.94,3.299,1.846,2.421,0.582
1670.09,3.299,1.846,2.421,0.582
1670.25,3.299,1.846,2.421,0.582
1670.4,3.299,1.846,2.421,0.582
1670.55,3.299,1.846,2.421,0.582
1670.7,3.299,1.846,2.421,0.582
1670.86,3.299,1.846,2.421,0.582
1671.01,3.299,1.846,2.421,0.582
1671.16,3.299,1.846,2.421,0.582
1671.31,3.299,1.846,2.421,0.582
1671.47,3.299,1.846,2.421,0.582
1671.62,3.299,1.846,2.421,0.582
1671.77,3.299,1.846,2.421,0.582
1671.92,3.299,1.846,2.421,0.582
1672.07,3.299,1.846,2.421,0.582
1672.23,3.299,1.846,2.421,0.582
1672.38,3.299,1.846,2.421,0.582
1672.53,3.299,1.846,2.421,0.582
1672.68,3.299,1.846,2.421,0.582
1672.84,3.299,1.846,2.421,0.582
1672.99,3.299,1.846,2.421,0.582
1673.14,3.299,1.846,2.421,0.582
1673.29,3.299,1.846,2.421,0.582
1673.45,3.299,1.846,2.421,0.582
1673.6,3.299,1.846,2.421,0.582
1673.75,3.299,1.846,2.421,0.582
1673.9,3.299,1.846,2.421,0.582
1674.06,3.299,1.846,2.421,0.582
1674.21,3.299,1.846,2.421,0.582
1674.36,3.299,1.846,2.421,0.582
1674.51,3.299,1.846,2.421,0.582
1674.67,3.299,1.846,2.421,0.582
1674.82,3.299,1.846,2.421,0.582
1674.97,3.299,1.846,2.421,0.582
1675.12,3.299,1.846,2.421,0.582
1675.28,3.299,1.846,2.421,0.582
1675.43,3.299,1.846,2.421,0.582
1675.58,3.299,1.846,2.421,0.582
1675.73,3.299,1.846,2.421,0.582
1675.88,3.299,1.846,2.421,0.582
1676.04,3.299,1.846,2.421,0.582
1676.19,3.299,1.846,2.421,0.582
1676.34,3.299,1.846,2.421,0.582
1676.49,3.299,1.846,2.421,0.582
1676.65,3.299,1.846,2.421,0.582
1676.8,3.299,1.846,2.421,0.582
1676.95,3.299,1.846,2.421,0.582
1677.1,3.299,1.846,2.421,0.582
1677.26,3.299,1.846,2.421,0.582
1677.41,3.299,1.846,2.421,0.582
1677.56,3.299,1.846,2.421,0.582
1677.71,3.299,1.846,2.421,0.582
1677.87,3.299,1.846,2.421,0.582
1678.02,3.299,1.846,2.421,0.582
1678.17,3.299,1.846,2.421,0.582
1678.32,3.299,1.846,2.421,0.582
1678.48,3.299,1.846,2.421,0.582
1678.63,3.299,1.846,2.421,0.582
1678.78,3.299,1.846,2.421,0.582
1678.93,3.299,1.846,2.421,0.582
1679.09,3.299,1.846,2.421,0.582
1679.24,3.299,1.846,2.421,0.582
1679.39,3.299,1.846,2.421,0.582
1679.54,3.299,1.846,2.421,0.582
1679.69,3.299,1.846,2.421,0.582
1679.85,3.299,1.846,2.421,0.582
1680.0,3.278,1.773,2.445,0.709
1680.15,3.278,1.773,2.445,0.709
1680.3,3.278,1.773,2.445,0.709
1680.46,3.278,1.773,2.445,0.709
1680.61,3.278,1.773,2.445,0.709
1680.76,3.278,1.773,2.445,0.709
1680.91,3.278,1.773,2.445,0.709
1681.07,3.278,1.773,2.445,0.709
1681.22,3.278,1.773,2.445,0.709
1681.37,3.278,1.773,2.445,0.709
1681.52,3.278,1.773,2.445,0.709
1681.68,3.278,1.773,2.445,0.709
1681.83,3.278,1.773,2.445,0.709
1681.98,3.278,1.773,2.445,0.709
1682.13,3.278,1.773,2.445,0.709
1682.29,3.278,1.773,2.445,0.709
1682.44,3.278,1.773,2.445,0.709
1682.59,3.278,1.773,2.445,0.709
1682.74,3.278,1.773,2.445,0.709
1682.9,3.278,1.773,2.445,0.709
1683.05,3.278,1.773,2.445,0.709
1683.2,3.278,1.773,2.445,0.709
1683.35,3.278,1.773,2.445,0.709
1683.5,3.278,1.773,2.445,0.709
1683.66,3.278,1.773,2.445,0.709
1683.81,3.278,1.773,2.445,0.709
1683.96,3.278,1.773,2.445,0.709
1684.11,3.278,1.773,2.445,0.709
1684.27,3.278,1.773,2.445,0.709
1684.42,3.278,1.773,2.445,0.709
1684.57,3.278,1.773,2.445,0.709
1684.72,3.278,1.773,2.445,0.709
1684.88,3.278,1.773,2.445,0.709
1685.03,3.278,1.773,2.445,0.709
1685.18,3.278,1.773,2.445,0.709
1685.33,3.278,1.773,2.445,0.709
1685.49,3.278,1.773,2.445,0.709
1685.64,3.278,1.773,2.445,0.709
1685.79,3.278,1.773,2.445,0.709
1685.94,3.278,1.773,2.445,0.709
1686.1,3.278,1.773,2.445,0.709
1686.25,3.278,1.773,2.445,0.709
1686.4,3.278,1.773,2.445,0.709
1686.55,3.278,1.773,2.445,0.709
1686.71,3.278,1.773,2.445,0.709
1686.86,3.278,1.773,2.445,0.709
1687.01,3.278,1.773,2.445,0.709
1687.16,3.278,1.773,2.445,0.709
1687.31,3.278,1.773,2.445,0.709
1687.47,3.278,1.773,2.445,0.709
1687.62,3.278,1.773,2.445,0.709
1687.77,3.278,1.773,2.445,0.709
1687.92,3.278,1.773,2.445,0.709
1688.08,3.278,1.773,2.445,0.709
1688.23,3.278,1.773,2.445,0.709
1688.38,3.278,1.773,2.445,0.709
1688.53,3.278,1.773,2.445,0.709
1688.69,3.278,1.773,2.445,0.709
1688.84,3.278,1.773,2.445,0.709
1688.99,3.278,1.773,2.445,0.709
1689.14,3.278,1.773,2.445,0.709
1689.3,3.278,1.773,2.445,0.709
1689.45,3.278,1.773,2.445,0.709
1689.6,3.278,1.773,2.445,0.709
1689.75,3.278,1.773,2.445,0.709
1689.91,3.278,1.773,2.445,0.709
1690.06,3.278,1.773,2.445,0.709
1690.21,3.278,1.773,2.445,0.709
1690.36,3.278,1.773,2.445,0.709
1690.52,3.278,1.773,2.445,0.709
1690.67,3.278,1.773,2.445,0.709
1690.82,3.278,1.773,2.445,0.709
1690.97,3.278,1.773,2.445,0.709
1691.12,3.278,1.773,2.445,0.709
1691.28,3.278,1.773,2.445,0.709
1691.43,3.278,1.773,2.445,0.709
1691.58,3.278,1.773,2.445,0.709
1691.73,3.278,1.773,2.445,0.709
1691.89,3.278,1.773,2.445,0.709
1692.04,3.278,1.773,2.445,0.709
1692.19,3.278,1.773,2.445,0.709
1692.34,3.278,1.773,2.445,0.709
1692.5,3.278,1.773,2.445,0.709
1692.65,3.278,1.773,2.445,0.709
1692.8,3.278,1.773,2.445,0.709
1692.95,3.278,1.773,2.445,0.709
1693.11,3.278,1.773,2.445,0.709
1693.26,3.278,1.773,2.445,0.709
1693.41,3.278,1.773,2.445,0.709
1693.56,3.278,1.773,2.445,0.709
1693.72,3.278,1.773,2.445,0.709
1693.87,3.278,1.773,2.445,0.709
1694.02,3.278,1.773,2.445,0.709
1694.17,3.278,1.773,2.445,0.709
1694.33,3.278,1.773,2.445,0.709
1694.48,3.278,1.773,2.445,0.709
1694.63,3.278,1.773,2.445,0.709
1694.78,3.278,1.773,2.445,0.709
1694.93,3.278,1.773,2.445,0.709
1695.09,3.278,1.773,2.445,0.709
1695.24,3.278,1.773,2.445,0.709
1695.39,3.278,1.773,2.445,0.709
1695.54,3.278,1.773,2.445,0.709
1695.7,3.278,1.773,2.445,0.709
1695.85,3.278,1.773,2.445,0.709
1696.0,3.278,1.773,2.445,0.709
1696.15,3.278,1.773,2.445,0.709
1696.31,3.278,1.773,2.445,0.709
1696.46,3.278,1.773,2.445,0.709
1696.61,3.278,1.773,2.445,0.709
1696.76,3.278,1.773,2.445,0.709
1696.92,3.278,1.773,2.445,0.709
1697.07,3.278,1.773,2.445,0.709
1697.22,3.278,1.773,2.445,0.709
1697.37,3.278,1.773,2.445,0.709
1697.53,3.278,1.773,2.445,0.709
1697.68,3.278,1.773,2.445,0.709
1697.83,3.278,1.773,2.445,0.709
1697.98,3.278,1.773,2.445,0.709
1698.14,3.278,1.773,2.445,0.709
1698.29,3.278,1.773,2.445,0.709
1698.44,3.278,1.773,2.445,0.709
1698.59,3.278,1.773,2.445,0.709
1698.74,3.278,1.773,2.445,0.709
1698.9,3.278,1.773,2.445,0.709
1699.05,3.278,1.773,2.445,0.709
1699.2,3.278,1.773,2.445,0.709
1699.35,3.278,1.773,2.445,0.709
1699.51,3.278,1.773,2.445,0.709
1699.66,3.278,1.773,2.445,0.709
1699.81,3.278,1.773,2.445,0.709
1699.96,3.278,1.773,2.445,0.709
1700.12,3.278,1.773,2.445,0.709
1700.27,3.278,1.773,2.445,0.709
1700.42,3.278,1.773,2.445,0.709
1700.57,3.278,1.773,2.445,0.709
1700.73,3.278,1.773,2.445,0.709
1700.88,3.278,1.773,2.445,0.709
1701.03,3.278,1.773,2.445,0.709
1701.18,3.278,1.773,2.445,0.709
1701.34,3.278,1.773,2.445,0.709
1701.49,3.278,1.773,2.445,0.709
1701.64,3.278,1.773,2.445,0.709
1701.79,3.278,1.773,2.445,0.709
1701.95,3.278,1.773,2.445,0.709
1702.1,3.278,1.773,2.445,0.709
1702.25,3.278,1.773,2.445,0.709
1702.4,3.278,1.773,2.445,0.709
1702.55,3.278,1.773,2.445,0.709
1702.71,3.278,1.773,2.445,0.709
1702.86,3.278,1.773,2.445,0.709
1703.01,3.278,1.773,2.445,0.709
1703.16,3.278,1.773,2.445,0.709
1703.32,3.278,1.773,2.445,0.709
1703.47,3.278,1.773,2.445,0.709
1703.62,3.278,1.773,2.445,0.709
1703.77,3.278,1.773,2.445,0.709
1703.93,3.278,1.773,2.445,0.709
1704.08,3.278,1.773,2.445,0.709
1704.23,3.278,1.773,2.445,0.709
1704.38,3.278,1.773,2.445,0.709
1704.54,3.278,1.773,2.445,0.709
1704.69,3.278,1.773,2.445,0.709
1704.84,3.278,1.773,2.445,0.709
1704.99,3.278,1.773,2.445,0.709
1705.15,3.278,1.773,2.445,0.709
1705.3,3.278,1.773,2.445,0.709
1705.45,3.278,1.773,2.445,0.709
1705.6,3.278,1.773,2.445,0.709
1705.76,3.278,1.773,2.445,0.709
1705.91,3.278,1.773,2.445,0.709
1706.06,3.278,1.773,2.445,0.709
1706.21,3.278,1.773,2.445,0.709
1706.36,3.278,1.773,2.445,0.709
1706.52,3.278,1.773,2.445,0.709
1706.67,3.278,1.773,2.445,0.709
1706.82,3.278,1.773,2.445,0.709
1706.97,3.278,1.773,2.445,0.709
1707.13,3.278,1.773,2.445,0.709
1707.28,3.278,1.773,2.445,0.709
1707.43,3.278,1.773,2.445,0.709
1707.58,3.278,1.773,2.445,0.709
1707.74,3.278,1.773,2.445,0.709
1707.89,3.278,1.773,2.445,0.709
1708.04,3.278,1.773,2.445,0.709
1708.19,3.278,1.773,2.445,0.709
1708.35,3.278,1.773,2.445,0.709
1708.5,3.278,1.773,2.445,0.709
1708.65,3.278,1.773,2.445,0.709
1708.8,3.278,1.773,2.445,0.709
1708.96,3.278,1.773,2.445,0.709
1709.11,3.278,1.773,2.445,0.709
1709.26,3.278,1.773,2.445,0.709
1709.41,3.278,1.773,2.445,0.709
1709.57,3.278,1.773,2.445,0.709
1709.72,3.278,1.773,2.445,0.709
1709.87,3.278,1.773,2.445,0.709
1710.02,3.278,1.773,2.445,0.709
1710.17,3.278,1.773,2.445,0.709
1710.33,3.278,1.773,2.445,0.709
1710.48,3.278,1.773,2.445,0.709
1710.63,3.278,1.773,2.445,0.709
1710.78,3.278,1.773,2.445,0.709
1710.94,3.278,1.773,2.445,0.709
1711.09,3.278,1.773,2.445,0.709
1711.24,3.278,1.773,2.445,0.709
1711.39,3.278,1.773,2.445,0.709
1711.55,3.278,1.773,2.445,0.709
1711.7,3.278,1.773,2.445,0.709
1711.85,3.278,1.773,2.445,0.709
1712.0,3.278,1.773,2.445,0.709
1712.16,3.278,1.773,2.445,0.709
1712.31,3.278,1.773,2.445,0.709
1712.46,3.278,1.773,2.445,0.709
1712.61,3.278,1.773,2.445,0.709
1712.77,3.278,1.773,2.445,0.709
1712.92,3.278,1.773,2.445,0.709
1713.07,3.278,1.773,2.445,0.709
1713.22,3.278,1.773,2.445,0.709
1713.38,3.278,1.773,2.445,0.709
1713.53,3.278,1.773,2.445,0.709
1713.68,3.278,1.773,2.445,0.709
1713.83,3.278,1.773,2.445,0.709
1713.98,3.278,1.773,2.445,0.709
1714.14,3.278,1.773,2.445,0.709
1714.29,3.278,1.773,2.445,0.709
1714.44,3.278,1.773,2.445,0.709
1714.59,3.278,1.773,2.445,0.709
1714.75,3.278,1.773,2.445,0.709
1714.9,3.278,1.773,2.445,0.709
1715.05,3.278,1.773,2.445,0.709
1715.2,3.278,1.773,2.445,0.709
1715.36,3.278,1.773,2.445,0.709
1715.51,3.278,1.773,2.445,0.709
1715.66,3.278,1.773,2.445,0.709
1715.81,3.278,1.773,2.445,0.709
1715.97,3.278,1.773,2.445,0.709
1716.12,3.278,1.773,2.445,0.709
1716.27,3.278,1.773,2.445,0.709
1716.42,3.278,1.773,2.445,0.709
1716.58,3.278,1.773,2.445,0.709
1716.73,3.278,1.773,2.445,0.709
1716.88,3.278,1.773,2.445,0.709
1717.03,3.278,1.773,2.445,0.709
1717.19,3.278,1.773,2.445,0.709
1717.34,3.278,1.773,2.445,0.709
1717.49,3.278,1.773,2.445,0.709
1717.64,3.278,1.773,2.445,0.709
1717.79,3.278,1.773,2.445,0.709
1717.95,3.278,1.773,2.445,0.709
1718.1,3.278,1.773,2.445,0.709
1718.25,3.278,1.773,2.445,0.709
1718.4,3.278,1.773,2.445,0.709
1718.56,3.278,1.773,2.445,0.709
1718.71,3.278,1.773,2.445,0.709
1718.86,3.278,1.773,2.445,0.709
1719.01,3.278,1.773,2.445,0.709
1719.17,3.278,1.773,2.445,0.709
1719.32,3.278,1.773,2.445,0.709
1719.47,3.278,1.773,2.445,0.709
1719.62,3.278,1.773,2.445,0.709
1719.78,3.278,1.773,2.445,0.709
1719.93,3.278,1.773,2.445,0.709
1720.08,3.082,1.72,2.245,0.227
1720.23,3.082,1.72,2.245,0.227
1720.39,3.082,1.72,2.245,0.227
1720.54,3.082,1.72,2.245,0.227
1720.69,3.082,1.72,2.245,0.227
1720.84,3.082,1.72,2.245,0.227
1721.0,3.082,1.72,2.245,0.227
1721.15,3.082,1.72,2.245,0.227
1721.3,3.082,1.72,2.245,0.227
1721.45,3.082,1.72,2.245,0.227
1721.6,3.082,1.72,2.245,0.227
1721.76,3.082,1.72,2.245,0.227
1721.91,3.082,1.72,2.245,0.227
1722.06,3.082,1.72,2.245,0.227
1722.21,3.082,1.72,2.245,0.227
1722.37,3.082,1.72,2.245,0.227
1722.52,3.082,1.72,2.245,0.227
1722.67,3.082,1.72,2.245,0.227
1722.82,3.082,1.72,2.245,0.227
1722.98,3.082,1.72,2.245,0.227
1723.13,3.082,1.72,2.245,0.227
1723.28,3.082,1.72,2.245,0.227
1723.43,3.082,1.72,2.245,0.227
1723.59,3.082,1.72,2.245,0.227
1723.74,3.082,1.72,2.245,0.227
1723.89,3.082,1.72,2.245,0.227
1724.04,3.082,1.72,2.245,0.227
1724.2,3.082,1.72,2.245,0.227
1724.35,3.082,1.72,2.245,0.227
1724.5,3.082,1.72,2.245,0.227
1724.65,3.082,1.72,2.245,0.227
1724.81,3.082,1.72,2.245,0.227
1724.96,3.082,1.72,2.245,0.227
1725.11,3.082,1.72,2.245,0.227
1725.26,3.082,1.72,2.245,0.227
1725.41,3.082,1.72,2.245,0.227
1725.57,3.082,1.72,2.245,0.227
1725.72,3.082,1.72,2.245,0.227
1725.87,3.082,1.72,2.245,0.227
1726.02,3.082,1.72,2.245,0.227
1726.18,3.082,1.72,2.245,0.227
1726.33,3.082,1.72,2.245,0.227
1726.48,3.082,1.72,2.245,0.227
1726.63,3.082,1.72,2.245,0.227
1726.79,3.082,1.72,2.245,0.227
1726.94,3.082,1.72,2.245,0.227
1727.09,3.082,1.72,2.245,0.227
1727.24,3.082,1.72,2.245,0.227
1727.4,3.082,1.72,2.245,0.227
1727.55,3.082,1.72,2.245,0.227
1727.7,3.082,1.72,2.245,0.227
1727.85,3.082,1.72,2.245,0.227
1728.01,3.082,1.72,2.245,0.227
1728.16,3.082,1.72,2.245,0.227
1728.31,3.082,1.72,2.245,0.227
1728.46,3.082,1.72,2.245,0.227
1728.62,3.082,1.72,2.245,0.227
1728.77,3.082,1.72,2.245,0.227
1728.92,3.082,1.72,2.245,0.227
1729.07,3.082,1.72,2.245,0.227
1729.22,3.082,1.72,2.245,0.227
1729.38,3.082,1.72,2.245,0.227
1729.53,3.082,1.72,2.245,0.227
1729.68,3.082,1.72,2.245,0.227
1729.83,3.082,1.72,2.245,0.227
1729.99,3.082,1.72,2.245,0.227
1730.14,3.082,1.72,2.245,0.227
1730.29,3.082,1.72,2.245,0.227
1730.44,3.082,1.72,2.245,0.227
1730.6,3.082,1.72,2.245,0.227
1730.75,3.082,1.72,2.245,0.227
1730.9,3.082,1.72,2.245,0.227
1731.05,3.082,1.72,2.245,0.227
1731.21,3.082,1.72,2.245,0.227
1731.36,3.082,1.72,2.245,0.227
1731.51,3.082,1.72,2.245,0.227
1731.66,3.082,1.72,2.245,0.227
1731.82,3.082,1.72,2.245,0.227
1731.97,3.082,1.72,2.245,0.227
1732.12,3.082,1.72,2.245,0.227
1732.27,3.082,1.72,2.245,0.227
1732.43,3.082,1.72,2.245,0.227
1732.58,3.082,1.72,2.245,0.227
1732.73,3.082,1.72,2.245,0.227
1732.88,3.082,1.72,2.245,0.227
1733.03,3.082,1.72,2.245,0.227
1733.19,3.082,1.72,2.245,0.227
1733.34,3.082,1.72,2.245,0.227
1733.49,3.082,1.72,2.245,0.227
1733.64,3.082,1.72,2.245,0.227
1733.8,3.082,1.72,2.245,0.227
1733.95,3.082,1.72,2.245,0.227
1734.1,3.082,1.72,2.245,0.227
1734.25,3.082,1.72,2.245,0.227
1734.41,3.082,1.72,2.245,0.227
1734.56,3.082,1.72,2.245,0.227
1734.71,3.082,1.72,2.245,0.227
1734.86,3.082,1.72,2.245,0.227
1735.02,3.082,1.72,2.245,0.227
1735.17,3.082,1.72,2.245,0.227
1735.32,3.082,1.72,2.245,0.227
1735.47,3.082,1.72,2.245,0.227
1735.63,3.082,1.72,2.245,0.227
1735.78,3.082,1.72,2.245,0.227
1735.93,3.082,1.72,2.245,0.227
1736.08,3.082,1.72,2.245,0.227
1736.24,3.082,1.72,2.245,0.227
1736.39,3.082,1.72,2.245,0.227
1736.54,3.082,1.72,2.245,0.227
1736.69,3.082,1.72,2.245,0.227
1736.84,3.082,1.72,2.245,0.227
1737.0,3.082,1.72,2.245,0.227
1737.15,3.082,1.72,2.245,0.227
1737.3,3.082,1.72,2.245,0.227
1737.45,3.082,1.72,2.245,0.227
1737.61,3.082,1.72,2.245,0.227
1737.76,3.082,1.72,2.245,0.227
1737.91,3.082,1.72,2.245,0.227
1738.06,3.082,1.72,2.245,0.227
1738.22,3.082,1.72,2.245,0.227
1738.37,3.082,1.72,2.245,0.227
1738.52,3.082,1.72,2.245,0.227
1738.67,3.082,1.72,2.245,0.227
1738.83,3.082,1.72,2.245,0.227
1738.98,3.082,1.72,2.245,0.227
1739.13,3.082,1.72,2.245,0.227
1739.28,3.082,1.72,2.245,0.227
1739.44,3.082,1.72,2.245,0.227
1739.59,3.082,1.72,2.245,0.227
1739.74,3.082,1.72,2.245,0.227
1739.89,3.082,1.72,2.245,0.227
1740.05,3.413,1.964,2.323,0.337
1740.2,3.413,1.964,2.323,0.337
1740.35,3.413,1.964,2.323,0.337
1740.5,3.413,1.964,2.323,0.337
1740.65,3.413,1.964,2.323,0.337
1740.81,3.413,1.964,2.323,0.337
1740.96,3.413,1.964,2.323,0.337
1741.11,3.413,1.964,2.323,0.337
1741.26,3.413,1.964,2.323,0.337
1741.42,3.413,1.964,2.323,0.337
1741.57,3.413,1.964,2.323,0.337
1741.72,3.413,1.964,2.323,0.337
1741.87,3.413,1.964,2.323,0.337
1742.03,3.413,1.964,2.323,0.337
1742.18,3.413,1.964,2.323,0.337
1742.33,3.413,1.964,2.323,0.337
1742.48,3.413,1.964,2.323,0.337
1742.64,3.413,1.964,2.323,0.337
1742.79,3.413,1.964,2.323,0.337
1742.94,3.413,1.964,2.323,0.337
1743.09,3.413,1.964,2.323,0.337
1743.25,3.413,1.964,2.323,0.337
1743.4,3.413,1.964,2.323,0.337
1743.55,3.413,1.964,2.323,0.337
1743.7,3.413,1.964,2.323,0.337
1743.86,3.413,1.964,2.323,0.337
1744.01,3.413,1.964,2.323,0.337
1744.16,3.413,1.964,2.323,0.337
1744.31,3.413,1.964,2.323,0.337
1744.46,3.413,1.964,2.323,0.337
1744.62,3.413,1.964,2.323,0.337
1744.77,3.413,1.964,2.323,0.337
1744.92,3.413,1.964,2.323,0.337
1745.07,3.413,1.964,2.323,0.337
1745.23,3.413,1.964,2.323,0.337
1745.38,3.413,1.964,2.323,0.337
1745.53,3.413,1.964,2.323,0.337
1745.68,3.413,1.964,2.323,0.337
1745.84,3.413,1.964,2.323,0.337
1745.99,3.413,1.964,2.323,0.337
1746.14,3.413,1.964,2.323,0.337
1746.29,3.413,1.964,2.323,0.337
1746.45,3.413,1.964,2.323,0.337
1746.6,3.413,1.964,2.323,0.337
1746.75,3.413,1.964,2.323,0.337
1746.9,3.413,1.964,2.323,0.337
1747.06,3.413,1.964,2.323,0.337
1747.21,3.413,1.964,2.323,0.337
1747.36,3.413,1.964,2.323,0.337
1747.51,3.413,1.964,2.323,0.337
1747.67,3.413,1.964,2.323,0.337
1747.82,3.413,1.964,2.323,0.337
1747.97,3.413,1.964,2.323,0.337
1748.12,3.413,1.964,2.323,0.337
1748.27,3.413,1.964,2.323,0.337
1748.43,3.413,1.964,2.323,0.337
1748.58,3.413,1.964,2.323,0.337
1748.73,3.413,1.964,2.323,0.337
1748.88,3.413,1.964,2.323,0.337
1749.04,3.413,1.964,2.323,0.337
1749.19,3.413,1.964,2.323,0.337
1749.34,3.413,1.964,2.323,0.337
1749.49,3.413,1.964,2.323,0.337
1749.65,3.413,1.964,2.323,0.337
1749.8,3.413,1.964,2.323,0.337
1749.95,3.413,1.964,2.323,0.337
1750.1,3.413,1.964,2.323,0.337
1750.26,3.413,1.964,2.323,0.337
1750.41,3.413,1.964,2.323,0.337
1750.56,3.413,1.964,2.323,0.337
1750.71,3.413,1.964,2.323,0.337
1750.87,3.413,1.964,2.323,0.337
1751.02,3.413,1.964,2.323,0.337
1751.17,3.413,1.964,2.323,0.337
1751.32,3.413,1.964,2.323,0.337
1751.48,3.413,1.964,2.323,0.337
1751.63,3.413,1.964,2.323,0.337
1751.78,3.413,1.964,2.323,0.337
1751.93,3.413,1.964,2.323,0.337
1752.08,3.413,1.964,2.323,0.337
1752.24,3.413,1.964,2.323,0.337
1752.39,3.413,1.964,2.323,0.337
1752.54,3.413,1.964,2.323,0.337
1752.69,3.413,1.964,2.323,0.337
1752.85,3.413,1.964,2.323,0.337
1753.0,3.413,1.964,2.323,0.337
1753.15,3.413,1.964,2.323,0.337
1753.3,3.413,1.964,2.323,0.337
1753.46,3.413,1.964,2.323,0.337
1753.61,3.413,1.964,2.323,0.337
1753.76,3.413,1.964,2.323,0.337
1753.91,3.413,1.964,2.323,0.337
1754.07,3.413,1.964,2.323,0.337
1754.22,3.413,1.964,2.323,0.337
1754.37,3.413,1.964,2.323,0.337
1754.52,3.413,1.964,2.323,0.337
1754.68,3.413,1.964,2.323,0.337
1754.83,3.413,1.964,2.323,0.337
1754.98,3.413,1.964,2.323,0.337
1755.13,3.413,1.964,2.323,0.337
1755.29,3.413,1.964,2.323,0.337
1755.44,3.413,1.964,2.323,0.337
1755.59,3.413,1.964,2.323,0.337
1755.74,3.413,1.964,2.323,0.337
1755.89,3.413,1.964,2.323,0.337
1756.05,3.413,1.964,2.323,0.337
1756.2,3.413,1.964,2.323,0.337
1756.35,3.413,1.964,2.323,0.337
1756.5,3.413,1.964,2.323,0.337
1756.66,3.413,1.964,2.323,0.337
1756.81,3.413,1.964,2.323,0.337
1756.96,3.413,1.964,2.323,0.337
1757.11,3.413,1.964,2.323,0.337
1757.27,3.413,1.964,2.323,0.337
1757.42,3.413,1.964,2.323,0.337
1757.57,3.413,1.964,2.323,0.337
1757.72,3.413,1.964,2.323,0.337
1757.88,3.413,1.964,2.323,0.337
1758.03,3.413,1.964,2.323,0.337
1758.18,3.413,1.964,2.323,0.337
1758.33,3.413,1.964,2.323,0.337
1758.49,3.413,1.964,2.323,0.337
1758.64,3.413,1.964,2.323,0.337
1758.79,3.413,1.964,2.323,0.337
1758.94,3.413,1.964,2.323,0.337
1759.1,3.413,1.964,2.323,0.337
1759.25,3.413,1.964,2.323,0.337
1759.4,3.413,1.964,2.323,0.337
1759.55,3.413,1.964,2.323,0.337
1759.7,3.413,1.964,2.323,0.337
1759.86,3.413,1.964,2.323,0.337
1760.01,3.413,1.964,2.323,0.337
1760.16,3.413,1.964,2.323,0.337
1760.31,3.413,1.964,2.323,0.337
1760.47,3.413,1.964,2.323,0.337
1760.62,3.413,1.964,2.323,0.337
1760.77,3.413,1.964,2.323,0.337
1760.92,3.413,1.964,2.323,0.337
1761.08,3.413,1.964,2.323,0.337
1761.23,3.413,1.964,2.323,0.337
1761.38,3.413,1.964,2.323,0.337
1761.53,3.413,1.964,2.323,0.337
1761.69,3.413,1.964,2.323,0.337
1761.84,3.413,1.964,2.323,0.337
1761.99,3.413,1.964,2.323,0.337
1762.14,3.413,1.964,2.323,0.337
1762.3,3.413,1.964,2.323,0.337
1762.45,3.413,1.964,2.323,0.337
1762.6,3.413,1.964,2.323,0.337
1762.75,3.413,1.964,2.323,0.337
1762.91,3.413,1.964,2.323,0.337
1763.06,3.413,1.964,2.323,0.337
1763.21,3.413,1.964,2.323,0.337
1763.36,3.413,1.964,2.323,0.337
1763.51,3.413,1.964,2.323,0.337
1763.67,3.413,1.964,2.323,0.337
1763.82,3.413,1.964,2.323,0.337
1763.97,3.413,1.964,2.323,0.337
1764.12,3.413,1.964,2.323,0.337
1764.28,3.413,1.964,2.323,0.337
1764.43,3.413,1.964,2.323,0.337
1764.58,3.413,1.964,2.323,0.337
1764.73,3.413,1.964,2.323,0.337
1764.89,3.413,1.964,2.323,0.337
1765.04,3.413,1.964,2.323,0.337
1765.19,3.413,1.964,2.323,0.337
1765.34,3.413,1.964,2.323,0.337
1765.5,3.413,1.964,2.323,0.337
1765.65,3.413,1.964,2.323,0.337
1765.8,3.413,1.964,2.323,0.337
1765.95,3.413,1.964,2.323,0.337
1766.11,3.413,1.964,2.323,0.337
1766.26,3.413,1.964,2.323,0.337
1766.41,3.413,1.964,2.323,0.337
1766.56,3.413,1.964,2.323,0.337
1766.72,3.413,1.964,2.323,0.337
1766.87,3.413,1.964,2.323,0.337
1767.02,3.413,1.964,2.323,0.337
1767.17,3.413,1.964,2.323,0.337
1767.32,3.413,1.964,2.323,0.337
1767.48,3.413,1.964,2.323,0.337
1767.63,3.413,1.964,2.323,0.337
1767.78,3.413,1.964,2.323,0.337
1767.93,3.413,1.964,2.323,0.337
1768.09,3.413,1.964,2.323,0.337
1768.24,3.413,1.964,2.323,0.337
1768.39,3.413,1.964,2.323,0.337
1768.54,3.413,1.964,2.323,0.337
1768.7,3.413,1.964,2.323,0.337
1768.85,3.413,1.964,2.323,0.337
1769.0,3.413,1.964,2.323,0.337
1769.15,3.413,1.964,2.323,0.337
1769.31,3.413,1.964,2.323,0.337
1769.46,3.413,1.964,2.323,0.337
1769.61,3.413,1.964,2.323,0.337
1769.76,3.413,1.964,2.323,0.337
1769.92,3.413,1.964,2.323,0.337
1770.07,3.485,1.848,2.48,0.757
1770.22,3.485,1.848,2.48,0.757
1770.37,3.485,1.848,2.48,0.757
1770.53,3.485,1.848,2.48,0.757
1770.68,3.485,1.848,2.48,0.757
1770.83,3.485,1.848,2.48,0.757
1770.98,3.485,1.848,2.48,0.757
1771.13,3.485,1.848,2.48,0.757
1771.29,3.485,1.848,2.48,0.757
1771.44,3.485,1.848,2.48,0.757
1771.59,3.485,1.848,2.48,0.757
1771.74,3.485,1.848,2.48,0.757
1771.9,3.485,1.848,2.48,0.757
1772.05,3.485,1.848,2.48,0.757
1772.2,3.485,1.848,2.48,0.757
1772.35,3.485,1.848,2.48,0.757
1772.51,3.485,1.848,2.48,0.757
1772.66,3.485,1.848,2.48,0.757
1772.81,3.485,1.848,2.48,0.757
1772.96,3.485,1.848,2.48,0.757
1773.12,3.485,1.848,2.48,0.757
1773.27,3.485,1.848,2.48,0.757
1773.42,3.485,1.848,2.48,0.757
1773.57,3.485,1.848,2.48,0.757
1773.73,3.485,1.848,2.48,0.757
1773.88,3.485,1.848,2.48,0.757
1774.03,3.485,1.848,2.48,0.757
1774.18,3.485,1.848,2.48,0.757
1774.34,3.485,1.848,2.48,0.757
1774.49,3.485,1.848,2.48,0.757
1774.64,3.485,1.848,2.48,0.757
1774.79,3.485,1.848,2.48,0.757
1774.94,3.485,1.848,2.48,0.757
1775.1,3.485,1.848,2.48,0.757
1775.25,3.485,1.848,2.48,0.757
1775.4,3.485,1.848,2.48,0.757
1775.55,3.485,1.848,2.48,0.757
1775.71,3.485,1.848,2.48,0.757
1775.86,3.485,1.848,2.48,0.757
1776.01,3.485,1.848,2.48,0.757
1776.16,3.485,1.848,2.48,0.757
1776.32,3.485,1.848,2.48,0.757
1776.47,3.485,1.848,2.48,0.757
1776.62,3.485,1.848,2.48,0.757
1776.77,3.485,1.848,2.48,0.757
1776.93,3.485,1.848,2.48,0.757
1777.08,3.485,1.848,2.48,0.757
1777.23,3.485,1.848,2.48,0.757
1777.38,3.485,1.848,2.48,0.757
1777.54,3.485,1.848,2.48,0.757
1777.69,3.485,1.848,2.48,0.757
1777.84,3.485,1.848,2.48,0.757
1777.99,3.485,1.848,2.48,0.757
1778.15,3.485,1.848,2.48,0.757
1778.3,3.485,1.848,2.48,0.757
1778.45,3.485,1.848,2.48,0.757
1778.6,3.485,1.848,2.48,0.757
1778.75,3.485,1.848,2.48,0.757
1778.91,3.485,1.848,2.48,0.757
1779.06,3.485,1.848,2.48,0.757
1779.21,3.485,1.848,2.48,0.757
1779.36,3.485,1.848,2.48,0.757
1779.52,3.485,1.848,2.48,0.757
1779.67,3.485,1.848,2.48,0.757
1779.82,3.485,1.848,2.48,0.757
1779.97,3.485,1.848,2.48,0.757
1780.13,3.485,1.848,2.48,0.757
1780.28,3.485,1.848,2.48,0.757
1780.43,3.485,1.848,2.48,0.757
1780.58,3.485,1.848,2.48,0.757
1780.74,3.485,1.848,2.48,0.757
1780.89,3.485,1.848,2.48,0.757
1781.04,3.485,1.848,2.48,0.757
1781.19,3.485,1.848,2.48,0.757
1781.35,3.485,1.848,2.48,0.757
1781.5,3.485,1.848,2.48,0.757
1781.65,3.485,1.848,2.48,0.757
1781.8,3.485,1.848,2.48,0.757
1781.96,3.485,1.848,2.48,0.757
1782.11,3.485,1.848,2.48,0.757
1782.26,3.485,1.848,2.48,0.757
1782.41,3.485,1.848,2.48,0.757
1782.56,3.485,1.848,2.48,0.757
1782.72,3.485,1.848,2.48,0.757
1782.87,3.485,1.848,2.48,0.757
1783.02,3.485,1.848,2.48,0.757
1783.17,3.485,1.848,2.48,0.757
1783.33,3.485,1.848,2.48,0.757
1783.48,3.485,1.848,2.48,0.757
1783.63,3.485,1.848,2.48,0.757
1783.78,3.485,1.848,2.48,0.757
1783.94,3.485,1.848,2.48,0.757
1784.09,3.485,1.848,2.48,0.757
1784.24,3.485,1.848,2.48,0.757
1784.39,3.485,1.848,2.48,0.757
1784.55,3.485,1.848,2.48,0.757
1784.7,3.485,1.848,2.48,0.757
1784.85,3.485,1.848,2.48,0.757
1785.0,3.485,1.848,2.48,0.757
1785.16,3.485,1.848,2.48,0.757
1785.31,3.485,1.848,2.48,0.757
1785.46,3.485,1.848,2.48,0.757
1785.61,3.485,1.848,2.48,0.757
1785.77,3.485,1.848,2.48,0.757
1785.92,3.485,1.848,2.48,0.757
1786.07,3.485,1.848,2.48,0.757
1786.22,3.485,1.848,2.48,0.757
1786.37,3.485,1.848,2.48,0.757
1786.53,3.485,1.848,2.48,0.757
1786.68,3.485,1.848,2.48,0.757
1786.83,3.485,1.848,2.48,0.757
1786.98,3.485,1.848,2.48,0.757
1787.14,3.485,1.848,2.48,0.757
1787.29,3.485,1.848,2.48,0.757
1787.44,3.485,1.848,2.48,0.757
1787.59,3.485,1.848,2.48,0.757
1787.75,3.485,1.848,2.48,0.757
1787.9,3.485,1.848,2.48,0.757
1788.05,3.485,1.848,2.48,0.757
1788.2,3.485,1.848,2.48,0.757
1788.36,3.485,1.848,2.48,0.757
1788.51,3.485,1.848,2.48,0.757
1788.66,3.485,1.848,2.48,0.757
1788.81,3.485,1.848,2.48,0.757
1788.97,3.485,1.848,2.48,0.757
1789.12,3.485,1.848,2.48,0.757
1789.27,3.485,1.848,2.48,0.757
1789.42,3.485,1.848,2.48,0.757
1789.58,3.485,1.848,2.48,0.757
1789.73,3.485,1.848,2.48,0.757
1789.88,3.485,1.848,2.48,0.757
1790.03,3.485,1.848,2.48,0.757
1790.18,3.485,1.848,2.48,0.757
1790.34,3.485,1.848,2.48,0.757
1790.49,3.485,1.848,2.48,0.757
1790.64,3.485,1.848,2.48,0.757
1790.79,3.485,1.848,2.48,0.757
1790.95,3.485,1.848,2.48,0.757
1791.1,3.485,1.848,2.48,0.757
1791.25,3.485,1.848,2.48,0.757
1791.4,3.485,1.848,2.48,0.757
1791.56,3.485,1.848,2.48,0.757
1791.71,3.485,1.848,2.48,0.757
1791.86,3.485,1.848,2.48,0.757
1792.01,3.485,1.848,2.48,0.757
1792.17,3.485,1.848,2.48,0.757
1792.32,3.485,1.848,2.48,0.757
1792.47,3.485,1.848,2.48,0.757
1792.62,3.485,1.848,2.48,0.757
1792.78,3.485,1.848,2.48,0.757
1792.93,3.485,1.848,2.48,0.757
1793.08,3.485,1.848,2.48,0.757
1793.23,3.485,1.848,2.48,0.757
1793.39,3.485,1.848,2.48,0.757
1793.54,3.485,1.848,2.48,0.757
1793.69,3.485,1.848,2.48,0.757
1793.84,3.485,1.848,2.48,0.757
1793.99,3.485,1.848,2.48,0.757
1794.15,3.485,1.848,2.48,0.757
1794.3,3.485,1.848,2.48,0.757
1794.45,3.485,1.848,2.48,0.757
1794.6,3.485,1.848,2.48,0.757
1794.76,3.485,1.848,2.48,0.757
1794.91,3.485,1.848,2.48,0.757
1795.06,3.485,1.848,2.48,0.757
1795.21,3.485,1.848,2.48,0.757
1795.37,3.485,1.848,2.48,0.757
1795.52,3.485,1.848,2.48,0.757
1795.67,3.485,1.848,2.48,0.757
1795.82,3.485,1.848,2.48,0.757
1795.98,3.485,1.848,2.48,0.757
1796.13,3.485,1.848,2.48,0.757
1796.28,3.485,1.848,2.48,0.757
1796.43,3.485,1.848,2.48,0.757
1796.59,3.485,1.848,2.48,0.757
1796.74,3.485,1.848,2.48,0.757
1796.89,3.485,1.848,2.48,0.757
1797.04,3.485,1.848,2.48,0.757
1797.2,3.485,1.848,2.48,0.757
1797.35,3.485,1.848,2.48,0.757
1797.5,3.485,1.848,2.48,0.757
1797.65,3.485,1.848,2.48,0.757
1797.8,3.485,1.848,2.48,0.757
1797.96,3.485,1.848,2.48,0.757
1798.11,3.485,1.848,2.48,0.757
1798.26,3.485,1.848,2.48,0.757
1798.41,3.485,1.848,2.48,0.757
1798.57,3.485,1.848,2.48,0.757
1798.72,3.485,1.848,2.48,0.757
1798.87,3.485,1.848,2.48,0.757
1799.02,3.485,1.848,2.48,0.757
1799.18,3.485,1.848,2.48,0.757
1799.33,3.485,1.848,2.48,0.757
1799.48,3.485,1.848,2.48,0.757
1799.63,3.485,1.848,2.48,0.757
1799.79,3.485,1.848,2.48,0.757
1799.94,3.485,1.848,2.48,0.757
